A000014,Democratic,"Abercrombie, Neil",Hawaii,"House:1985-1987,1991-2011",2,2
A000022,Democratic,"Ackerman, Gary L.",NewYork,House:1983-2013,6,6
A000109,Republican,"Allard, Wayne",Colorado,Senate:1997-2009 House:1991-1997,0,0
A000210,Democratic,"Andrews, Robert E.",NewJersey,House:1989-2014,15,3
A000215,Republican,"Archer, Bill",Texas,House:1971-2001,22,2
A000217,Republican,"Armey, Richard K.",Texas,House:1985-2003,23,0
B000013,Republican,"Bachus, Spencer",Alabama,House:1993-2015,2,0
B000028,Democratic,"Baesler, Scotty",Kentucky,House:1993-1999,2,1
B000078,Republican,"Baker, Bill",California,House:1993-1997,5,4
B000072,Republican,"Baker, Richard H.",Louisiana,House:1987-2008,0,0
B000081,Democratic,"Baldacci, John Elias",Maine,House:1995-2003,0,0
B000104,Republican,"Ballenger, Cass",NorthCarolina,House:1985-2005,2,1
B000134,Democratic,"Barcia, James A.",Michigan,House:1993-2003,2,1
B000169,Republican,"Barr, Bob",Georgia,House:1995-2003,2,1
B000177,Democratic,"Barrett, Thomas M.",Wisconsin,House:1993-2003,4,4
B000179,Republican,"Barrett, Bill",Nebraska,House:1991-2001,3,2
B000208,Republican,"Bartlett, Roscoe G.",Maryland,House:1993-2013,2,2
B000213,Republican,"Barton, Joe",Texas,House:1985-2019,0,0
B000220,Republican,"Bass, Charles F.",NewHampshire,"House:1995-2007,2011-2013",4,1
B000229,Republican,"Bateman, Herbert H.",Virginia,House:1983-2001,7,6
B000287,Democratic,"Becerra, Xavier",California,House:1993-2017,0,0
B000318,Democratic,"Beilenson, Anthony C.",California,House:1977-1997,3,1
B000400,Democratic,"Bentsen, Ken",Texas,House:1995-2003,3,1
B000403,Republican,"Bereuter, Doug",Nebraska,House:1979-2004,0,0
B000410,Democratic,"Berman, Howard L.",California,House:1983-2013,1,1
B000431,Democratic,"Bevill, Tom",Alabama,House:1967-1997,1,0
B000461,Republican,"Bilbray, Brian P.",California,"House:1995-2001,2005-2013",2,1
B000463,Republican,"Bilirakis, Michael",Florida,House:1983-2007,8,1
B000490,Democratic,"Bishop, Sanford D., Jr.",Georgia,House:1993-Present,0,0
B000556,Republican,"Bliley, Tom",Virginia,House:1981-2001,7,4
B000574,Democratic,"Blumenauer, Earl",Oregon,House:1995-Present,1,0
B000576,Republican,"Blute, Peter I.",Massachusetts,House:1993-1997,7,3
B000586,Republican,"Boehlert, Sherwood",NewYork,House:1983-2007,0,0
B000589,Republican,"Boehner, John A.",Ohio,House:1991-2015,10,0
B000617,Republican,"Bonilla, Henry",Texas,House:1993-2007,1,3
B000619,Democratic,"Bonior, David E.",Michigan,House:1977-2003,1,2
B000622,Republican,"Bono, Sonny",California,House:1995-1999,3,1
B000644,Democratic,"Borski, Robert A.",Pennsylvania,House:1983-2003,1,0
B000657,Democratic,"Boucher, Rick",Virginia,House:1983-2011,1,4
B000817,Democratic,"Brewster, Bill K.",Oklahoma,House:1991-1997,2,2
B000897,Democratic,"Browder, Glen",Alabama,House:1989-1997,8,0
B000911,Democratic,"Brown, Corrine",Florida,House:1993-2017,2,2
B000918,Democratic,"Brown, George E., Jr.",California,"House:1963-1971,1973-2001",0,0
B000944,Democratic,"Brown, Sherrod",Ohio,Senate:2007-Present House:1993-2007,4,4
B000953,Republican,"Brownback, Sam",Kansas,Senate:1996-2011 House:1995-1996,0,1
B000996,Republican,"Bryant, Ed",Tennessee,House:1995-2003,4,3
B000997,Democratic,"Bryant, John W.",Texas,House:1983-1997,5,5
B001063,Republican,"Bunn, Jim",Oregon,House:1995-1997,1,4
B001066,Republican,"Bunning, Jim",Kentucky,Senate:1999-2011 House:1987-1999,1,2
B001135,Republican,"Burr, Richard",NorthCarolina,Senate:2005-2023 House:1995-2005,0,0
B001149,Republican,"Burton, Dan",Indiana,House:1983-2013,11,6
B001203,Republican,"Buyer, Steve",Indiana,House:1993-2011,0,0
C000052,Republican,"Callahan, Sonny",Alabama,House:1985-2003,4,1
C000059,Republican,"Calvert, Ken",California,House:1993-Present,2,9
C000071,Republican,"Camp, Dave",Michigan,House:1991-2015,2,1
C000100,Republican,"Campbell, Tom",California,"House:1989-1993,1995-2001",3,4
C000107,Republican,"Canady, Charles T.",Florida,House:1993-2001,6,1
C000141,Democratic,"Cardin, Benjamin L.",Maryland,Senate:2007-Present House:1987-2007,4,4
C000243,Republican,"Castle, Michael N.",Delaware,House:1993-2011,8,1
C000266,Republican,"Chabot, Steve",Ohio,"House:1995-2009,2011-2023",0,0
C000286,Republican,"Chambliss, Saxby",Georgia,Senate:2003-2015 House:1995-2003,1,0
C000312,Democratic,"Chapman, Jim",Texas,House:1985-1997,1,1
C000345,Republican,"Chenoweth-Hage, Helen",Idaho,House:1995-2001,0,0
C000377,Republican,"Christensen, Jon",Nebraska,House:1995-1999,1,3
C000385,Republican,"Chrysler, Dick",Michigan,House:1995-1997,1,2
C000488,Democratic,"Clay, William (Bill)",Missouri,House:1969-2001,0,0
C000494,Democratic,"Clayton, Eva M.",NorthCarolina,House:1991-2003,0,0
C000503,Democratic,"Clement, Bob",Tennessee,House:1987-2003,1,0
C000523,Republican,"Clinger, William F., Jr.",Pennsylvania,House:1979-1997,0,0
C000537,Democratic,"Clyburn, James E.",SouthCarolina,House:1993-Present,1,0
C000556,Republican,"Coble, Howard",NorthCarolina,House:1985-2015,4,1
C000560,Republican,"Coburn, Tom",Oklahoma,Senate:2005-2015 House:1995-2001,0,0
C000621,Democratic,"Coleman, Ronald D.",Texas,House:1983-1997,6,2
C000633,Democratic,"Collins, Barbara-Rose",Michigan,House:1991-1997,2,0
C000634,Democratic,"Collins, Cardiss",Illinois,House:1973-1997,29,3
C000640,Republican,"Collins, Mac",Georgia,House:1993-2005,0,0
C000653,Republican,"Combest, Larry",Texas,House:1985-2003,5,1
C000670,Democratic,"Condit, Gary A.",California,House:1989-2003,0,0
C000714,Democratic,"Conyers, John, Jr.",Michigan,House:1965-2017,0,0
C000737,Republican,"Cooley, Wes",Oregon,House:1995-1997,11,2
C000794,Democratic,"Costello, Jerry F.",Illinois,House:1987-2013,2,1
C000830,Republican,"Cox, Christopher",California,House:1989-2007,3,1
C000846,Democratic,"Coyne, William J.",Pennsylvania,House:1981-2003,1,0
C000868,Democratic,"Cramer, Robert E. (Bud), Jr.",Alabama,House:1991-2009,0,0
C000873,Republican,"Crane, Philip M.",Illinois,House:1969-2005,15,2
C000880,Republican,"Crapo, Mike",Idaho,Senate:1999-Present House:1993-1999,0,0
C000903,Republican,"Cremeans, Frank A.",Ohio,House:1995-1997,0,0
C000962,Republican,"Cubin, Barbara",Wyoming,House:1995-2009,0,0
C000984,Democratic,"Cummings, Elijah E.",Maryland,House:1995-2019,0,1
C000994,Republican,"Cunningham, Randy (Duke)",California,House:1991-2007,0,0
D000046,Democratic,"Danner, Pat",Missouri,House:1993-2001,4,0
D000136,Republican,"Davis, Tom",Virginia,House:1995-2008,7,21
D000203,Democratic,"de la Garza, E.",Texas,House:1965-1997,0,0
D000168,Republican,"Deal, Nathan",Georgia,House:1993-2010,4,0
D000168,Republican,"Deal, Nathan",Georgia,House:1993-2010,4,0
D000191,Democratic,"DeFazio, Peter A.",Oregon,House:1987-2023,6,6
D000216,Democratic,"DeLauro, Rosa L.",Connecticut,House:1991-Present,0,0
D000217,Republican,"DeLay, Tom",Texas,House:1985-2007,0,0
D000222,Democratic,"Dellums, Ronald V.",California,House:1971-1999,1,12
D000275,Democratic,"Deutsch, Peter",Florida,House:1993-2005,7,4
D000299,Republican,"Diaz-Balart, Lincoln",Florida,House:1993-2011,27,2
D000312,Republican,"Dickey, Jay",Arkansas,House:1993-2001,3,5
D000327,Democratic,"Dicks, Norman D.",Washington,House:1977-2013,4,1
D000355,Democratic,"Dingell, John D.",Michigan,House:1955-2015,9,2
D000373,Democratic,"Dixon, Julian C.",California,House:1979-2003,0,1
D000399,Democratic,"Doggett, Lloyd",Texas,House:1995-Present,0,0
D000424,Democratic,"Dooley, Calvin M.",California,House:1991-2005,1,2
D000429,Republican,"Doolittle, John T.",California,House:1991-2009,4,1
D000435,Republican,"Dornan, Robert K.",California,"House:1977-1983,1985-1997",18,1
D000482,Democratic,"Doyle, Michael F.",Pennsylvania,House:1995-2022,0,0
D000492,Republican,"Dreier, David",California,House:1981-2013,28,1
D000533,Republican,"Duncan, John J., Jr.",Tennessee,House:1987-2019,0,0
D000549,Republican,"Dunn, Jennifer",Washington,House:1993-2005,0,0
D000563,Democratic,"Durbin, Richard J.",Illinois,Senate:1997-Present House:1983-1997,0,0
E000063,Democratic,"Edwards, Chet",Texas,House:1991-2011,2,0
E000092,Republican,"Ehlers, Vernon J.",Michigan,House:1993-2011,3,7
E000093,Republican,"Ehrlich, Robert L., Jr.",Maryland,House:1995-2003,0,0
E000172,Republican,"Emerson, Jo Ann",Missouri,House:1997-2013,0,0
E000174,Republican,"Emerson, Bill",Missouri,House:1981-1997,14,2
E000179,Democratic,"Engel, Eliot L.",NewYork,House:1989-2021,9,7
E000187,Republican,"English, Phil",Pennsylvania,House:1995-2009,10,7
E000194,Republican,"Ensign, John",Nevada,Senate:2001-2011 House:1995-1999,3,0
E000215,Democratic,"Eshoo, Anna G.",California,House:1993-Present,2,3
E000250,Democratic,"Evans, Lane",Illinois,House:1983-2007,0,0
E000268,Republican,"Everett, Terry",Alabama,House:1993-2009,0,1
E000282,Republican,"Ewing, Thomas W.",Illinois,House:1991-2001,4,1
F000010,Democratic,"Faleomavaega, Eni F. H.",AmericanSamoa,House:1989-2015,0,0
F000030,Democratic,"Farr, Sam",California,House:1993-2017,2,3
F000043,Democratic,"Fattah, Chaka",Pennsylvania,House:1995-2016,0,7
F000049,Republican,"Fawell, Harris W.",Illinois,House:1985-1999,7,2
F000053,Democratic,"Fazio, Vic",California,House:1979-1999,14,4
F000110,Democratic,"Fields, Cleo",Louisiana,House:1993-1997,4,0
F000111,Republican,"Fields, Jack",Texas,House:1981-1997,0,0
F000116,Democratic,"Filner, Bob",California,House:1993-2013,6,4
F000184,Democratic,"Flake, Floyd H.",NewYork,House:1987-1999,2,3
F000187,Republican,"Flanagan, Michael Patrick",Illinois,House:1995-1997,0,0
F000235,Democratic,"Foglietta, Thomas M.",Pennsylvania,House:1981-1999,0,0
F000238,Republican,"Foley, Mark",Florida,House:1995-2007,0,0
F000257,Democratic,"Forbes, Michael P.",NewYork,House:1995-2001,12,2
F000261,Democratic,"Ford, Harold E.",Tennessee,House:1975-1997,0,0
F000328,Republican,"Fowler, Tillie",Florida,House:1993-2001,0,0
F000332,Republican,"Fox, Jon D.",Pennsylvania,House:1995-1999,11,9
F000339,Democratic,"Frank, Barney",Massachusetts,House:1981-2013,19,7
F000348,Republican,"Franks, Gary A.",Connecticut,House:1991-1997,9,2
F000349,Republican,"Franks, Bob",NewJersey,House:1993-2001,6,3
F000351,Independent,"Frazer, Victor O.",VirginIslands,House:1995-1997,0,4
F000372,Republican,"Frelinghuysen, Rodney P.",NewJersey,House:1995-2019,0,0
F000387,Republican,"Frisa, Dan",NewYork,House:1995-1997,2,2
F000392,Democratic,"Frost, Martin",Texas,House:1979-2005,0,9
F000426,Republican,"Funderburk, David",NorthCarolina,House:1995-1997,0,3
F000434,Democratic,"Furse, Elizabeth",Oregon,House:1993-1999,10,4
G000021,Republican,"Gallegly, Elton",California,House:1987-2013,10,3
G000041,Republican,"Ganske, Greg",Iowa,House:1995-2003,0,0
G000120,Democratic,"Gejdenson, Sam",Connecticut,House:1981-2001,6,2
G000121,Republican,"Gekas, George W.",Pennsylvania,House:1983-2003,5,0
G000132,Democratic,"Gephardt, Richard A.",Missouri,House:1977-2005,0,0
G000134,Democratic,"Geren, Pete",Texas,House:1989-1997,4,3
G000153,Democratic,"Gibbons, Sam",Florida,House:1963-1997,5,3
G000180,Republican,"Gilchrest, Wayne T.",Maryland,House:1991-2009,8,1
G000210,Republican,"Gillmor, Paul E.",Ohio,House:1989-2007,7,2
G000212,Republican,"Gilman, Benjamin A.",NewYork,House:1973-2003,29,11
G000225,Republican,"Gingrich, Newt",Georgia,House:1979-1999,2,2
G000272,Democratic,"Gonzalez, Henry B.",Texas,House:1961-1999,4,6
G000289,Republican,"Goodlatte, Bob",Virginia,House:1993-2019,0,0
G000291,Republican,"Goodling, William F.",Pennsylvania,House:1975-2001,10,3
G000309,Democratic,"Gordon, Bart",Tennessee,House:1985-2011,1,1
G000336,Republican,"Goss, Porter J.",Florida,House:1989-2004,47,3
G000359,Republican,"Graham, Lindsey",SouthCarolina,Senate:2003-Present House:1995-2003,3,1
G000410,Democratic,"Green, Gene",Texas,House:1993-2019,0,5
G000439,Republican,"Greenwood, James C.",Pennsylvania,House:1993-2005,4,4
G000524,Republican,"Gunderson, Steve",Wisconsin,House:1981-1997,4,0
G000535,Democratic,"Gutierrez, Luis V.",Illinois,House:1993-2019,0,0
G000536,Republican,"Gutknecht, Gil",Minnesota,House:1995-2007,0,0
H000074,Democratic,"Hall, Tony P.",Ohio,House:1979-2002,1,0
H000067,Republican,"Hall, Ralph M.",Texas,House:1981-2015,2,0
H000114,Democratic,"Hamilton, Lee H.",Indiana,House:1965-1999,7,7
H000151,Republican,"Hancock, Mel",Missouri,House:1989-1997,0,0
H000172,Republican,"Hansen, James V.",Utah,House:1981-2003,11,4
H000213,Democratic,"Harman, Jane",California,"House:1993-1999,2001-2011",3,1
H000323,Republican,"Hastert, J. Dennis",Illinois,House:1987-2007,2,1
H000324,Democratic,"Hastings, Alcee L.",Florida,House:1993-2021,4,5
H000329,Republican,"Hastings, Doc",Washington,House:1995-2015,7,0
H000390,Republican,"Hayes, James A.",Louisiana,House:1987-1997,3,4
H000390,Republican,"Hayes, James A.",Louisiana,House:1987-1997,3,4
H000413,Republican,"Hayworth, J. D.",Arizona,House:1995-2007,0,0
H000444,Republican,"Hefley, Joel",Colorado,House:1987-2007,15,0
H000448,Democratic,"Hefner, W. G. (Bill)",NorthCarolina,House:1975-1999,0,0
H000452,Republican,"Heineman, Frederick K. (Fred)",NorthCarolina,House:1995-1997,0,0
H000528,Republican,"Herger, Wally",California,House:1987-2013,7,3
H000615,Republican,"Hilleary, Van",Tennessee,House:1995-2003,1,0
H000621,Democratic,"Hilliard, Earl F.",Alabama,House:1993-2003,5,2
H000627,Democratic,"Hinchey, Maurice D.",NewYork,House:1993-2013,4,7
H000666,Republican,"Hobson, David L.",Ohio,House:1991-2009,0,0
H000676,Republican,"Hoekstra, Peter",Michigan,House:1993-2011,10,1
H000707,Republican,"Hoke, Martin R.",Ohio,House:1993-1997,11,4
H000712,Democratic,"Holden, Tim",Pennsylvania,House:1993-2013,1,3
H000789,Republican,"Horn, Stephen",California,House:1993-2003,3,7
H000807,Republican,"Hostettler, John N.",Indiana,House:1995-2007,0,0
H000814,Republican,"Houghton, Amo",NewYork,House:1987-2005,0,0
H000874,Democratic,"Hoyer, Steny H.",Maryland,House:1981-Present,5,11
H000981,Republican,"Hunter, Duncan",California,House:1981-2009,0,0
H001015,Republican,"Hutchinson, Tim",Arkansas,Senate:1997-2003 House:1993-1997,3,1
H001022,Republican,"Hyde, Henry J.",Illinois,House:1975-2007,0,0
I000023,Republican,"Inglis, Bob",SouthCarolina,"House:1993-1999,2005-2011",0,2
I000047,Republican,"Istook, Ernest J., Jr.",Oklahoma,House:1993-2007,0,0
J000283,Democratic,"Jackson, Jesse L., Jr.",Illinois,House:1995-2012,0,0
J000032,Democratic,"Jackson Lee, Sheila",Texas,House:1995-Present,0,0
J000033,Democratic,"Jacobs, Andrew, Jr.",Indiana,"House:1965-1973,1975-1997",0,0
J000070,Democratic,"Jefferson, William J.",Louisiana,House:1991-2009,2,0
J000126,Democratic,"Johnson, Eddie Bernice",Texas,House:1993-2023,0,4
J000163,Republican,"Johnson, Nancy L.",Connecticut,House:1983-2007,0,0
J000174,Republican,"Johnson, Sam",Texas,House:1991-2019,1,5
J000177,Democratic,"Johnson, Tim",SouthDakota,Senate:1997-2015 House:1987-1997,22,3
J000187,Democratic,"Johnston, Harry",Florida,House:1989-1997,0,0
J000255,Republican,"Jones, Walter B., Jr.",NorthCarolina,House:1995-2019,0,0
K000008,Democratic,"Kanjorski, Paul E.",Pennsylvania,House:1985-2011,19,3
K000009,Democratic,"Kaptur, Marcy",Ohio,House:1983-Present,7,5
K000016,Republican,"Kasich, John R.",Ohio,House:1983-2001,16,0
K000078,Republican,"Kelly, Sue W.",NewYork,House:1995-2007,2,3
K000110,Democratic,"Kennedy, Joseph P., II",Massachusetts,House:1987-1999,0,0
K000113,Democratic,"Kennedy, Patrick J.",RhodeIsland,House:1995-2011,4,3
K000118,Democratic,"Kennelly, Barbara B.",Connecticut,House:1981-1999,6,0
K000172,Democratic,"Kildee, Dale E.",Michigan,House:1977-2013,2,3
K000181,Republican,"Kim, Jay",California,House:1993-1999,2,1
K000210,Republican,"King, Peter T.",NewYork,House:1993-2021,5,11
K000220,Republican,"Kingston, Jack",Georgia,House:1993-2015,0,0
K000259,Democratic,"Kleczka, Gerald D.",Wisconsin,House:1983-2005,5,3
K000270,Democratic,"Klink, Ron",Pennsylvania,House:1993-2001,7,1
K000274,Republican,"Klug, Scott L.",Wisconsin,House:1991-1999,2,3
K000288,Republican,"Knollenberg, Joe",Michigan,House:1993-2009,0,0
K000306,Republican,"Kolbe, Jim",Arizona,House:1985-2007,0,0
L000556,Democratic,"LaFalce, John J.",NewYork,House:1975-2003,20,2
L000552,Republican,"LaHood, Ray",Illinois,House:1995-2009,0,0
L000090,Democratic,"Lantos, Tom",California,House:1981-2008,9,4
L000096,Republican,"Largent, Steve",Oklahoma,House:1993-2002,0,0
L000111,Republican,"Latham, Tom",Iowa,House:1995-2015,1,1
L000553,Republican,"LaTourette, Steven C.",Ohio,House:1995-2013,5,7
L000119,Republican,"Laughlin, Greg",Texas,House:1989-1997,0,0
L000119,Republican,"Laughlin, Greg",Texas,House:1989-1997,0,0
L000155,Republican,"Lazio, Rick",NewYork,House:1993-2001,8,2
L000169,Republican,"Leach, James A.",Iowa,House:1977-2007,12,4
L000263,Democratic,"Levin, Sander M.",Michigan,House:1983-2019,1,2
L000274,Republican,"Lewis, Jerry",California,House:1979-2013,3,0
L000287,Democratic,"Lewis, John",Georgia,House:1987-2020,5,5
L000293,Republican,"Lewis, Ron",Kentucky,House:1993-2009,2,0
L000305,Republican,"Lightfoot, Jim",Iowa,House:1985-1997,0,0
L000035,Democratic,"Lincoln, Blanche L.",Arkansas,Senate:1999-2011 House:1993-1997,0,0
L000321,Republican,"Linder, John",Georgia,House:1993-2011,25,1
L000342,Democratic,"Lipinski, William O.",Illinois,House:1983-2005,9,18
L000371,Republican,"Livingston, Bob",Louisiana,House:1977-2001,32,2
L000554,Republican,"LoBiondo, Frank A.",NewJersey,House:1995-2019,0,1
L000397,Democratic,"Lofgren, Zoe",California,House:1995-Present,9,11
L000431,Republican,"Longley, James B., Jr.",Maine,House:1995-1997,0,0
L000480,Democratic,"Lowey, Nita M.",NewYork,House:1989-2021,14,13
L000491,Republican,"Lucas, Frank D.",Oklahoma,House:1993-Present,2,1
L000521,Democratic,"Luther, Bill",Minnesota,House:1995-2003,0,6
M000087,Democratic,"Maloney, Carolyn B.",NewYork,House:1993-2023,9,5
M000117,Democratic,"Manton, Thomas J.",NewYork,House:1985-1999,3,4
M001138,Republican,"Manzullo, Donald A.",Illinois,House:1993-2013,0,0
M000133,Democratic,"Markey, Edward J.",Massachusetts,Senate:2013-Present House:1977-2013,5,4
M000206,Republican,"Martinez, Matthew G.",California,House:1981-2001,3,2
M000207,Republican,"Martini, William J.",NewJersey,House:1995-1997,2,2
M000212,Democratic,"Mascara, Frank",Pennsylvania,House:1995-2003,1,2
M000249,Democratic,"Matsui, Robert T.",California,House:1979-2004,1,7
M000316,Democratic,"McCarthy, Karen",Missouri,House:1995-2005,0,1
M000350,Republican,"McCollum, Bill",Florida,House:1981-2001,30,5
M000388,Republican,"McCrery, Jim",Louisiana,House:1987-2011,0,0
M000399,Republican,"McDade, Joseph M.",Pennsylvania,House:1963-1999,5,0
M000404,Democratic,"McDermott, Jim",Washington,House:1989-2017,3,5
M000466,Democratic,"McHale, Paul",Pennsylvania,House:1993-1999,13,2
M000472,Republican,"McHugh, John M.",NewYork,House:1993-2009,2,1
M000477,Republican,"McInnis, Scott",Colorado,House:1993-2005,26,3
M000481,Republican,"McIntosh, David M.",Indiana,House:1995-2001,6,0
M000508,Republican,"McKeon, Howard P. &quot;Buck&quot;",California,House:1993-2015,0,0
M000523,Democratic,"McKinney, Cynthia A.",Georgia,"House:1993-2003,2005-2007",0,0
M000590,Democratic,"McNulty, Michael R.",NewYork,House:1989-2009,3,1
M000627,Democratic,"Meehan, Martin T.",Massachusetts,House:1993-2007,7,4
M000628,Democratic,"Meek, Carrie P.",Florida,House:1993-2003,2,4
M000639,Democratic,"Menendez, Robert",NewJersey,Senate:2006-Present House:1993-2006,3,0
M000669,Republican,"Metcalf, Jack",Washington,House:1995-2001,7,0
M000684,Republican,"Meyers, Jan",Kansas,House:1985-1997,11,3
M000687,Democratic,"Mfume, Kweisi",Maryland,"House:1987-1997,2020-Present",5,2
M000689,Republican,"Mica, John L.",Florida,House:1993-2017,4,4
M000714,Democratic,"Millender-McDonald, Juanita",California,House:1995-2007,0,0
M000725,Democratic,"Miller, George",California,House:1975-2015,6,6
M000720,Republican,"Miller, Dan",Florida,House:1993-2003,2,2
M000794,Democratic,"Mineta, Norman Y.",California,House:1975-1997,7,10
M000795,Democratic,"Minge, David",Minnesota,House:1993-2001,7,10
M000797,Democratic,"Mink, Patsy T.",Hawaii,"House:1965-1977,1989-2002",25,1
M000834,Democratic,"Moakley, John Joseph",Massachusetts,House:1973-2001,0,0
M000843,Republican,"Molinari, Susan",NewYork,House:1989-1999,11,5
M000844,Democratic,"Mollohan, Alan B.",WestVirginia,House:1983-2011,3,0
M000865,Democratic,"Montgomery, G. V. (Sonny)",Mississippi,House:1967-1997,0,0
M000926,Republican,"Moorhead, Carlos J.",California,House:1973-1997,0,0
M000933,Democratic,"Moran, James P.",Virginia,House:1991-2015,17,14
M000941,Republican,"Morella, Constance A.",Maryland,House:1987-2003,16,20
M001120,Democratic,"Murtha, John P.",Pennsylvania,House:1973-2010,4,0
M001130,Republican,"Myers, John T.",Indiana,House:1967-1997,2,0
M001134,Republican,"Myrick, Sue Wilkins",NorthCarolina,House:1995-2013,0,0
N000002,Democratic,"Nadler, Jerrold",NewYork,House:1991-Present,16,4
N000015,Democratic,"Neal, Richard E.",Massachusetts,House:1989-Present,2,2
N000051,Republican,"Nethercutt, George R., Jr.",Washington,House:1995-2005,0,0
N000054,Republican,"Neumann, Mark W.",Wisconsin,House:1995-1999,2,0
N000081,Republican,"Ney, Robert W.",Ohio,House:1995-2007,0,0
N000147,Democratic,"Norton, Eleanor Holmes",DistrictofColumbia,House:1991-Present,28,14
N000159,Republican,"Norwood, Charles W.",Georgia,House:1995-2007,2,2
N000172,Republican,"Nussle, Jim",Iowa,House:1991-2007,0,0
O000006,Democratic,"Oberstar, James L.",Minnesota,House:1975-2011,18,5
O000007,Democratic,"Obey, David R.",Wisconsin,House:1969-2011,23,1
O000085,Democratic,"Olver, John W.",Massachusetts,House:1991-2013,4,1
O000107,Democratic,"Ortiz, Solomon P.",Texas,House:1983-2011,0,3
O000108,Democratic,"Orton, Bill",Utah,House:1991-1997,0,0
O000159,Democratic,"Owens, Major R.",NewYork,House:1983-2007,7,1
O000163,Republican,"Oxley, Michael G.",Ohio,House:1981-2007,6,0
P000005,Republican,"Packard, Ron",California,House:1983-2001,4,0
P000034,Democratic,"Pallone, Frank, Jr.",NewJersey,House:1987-Present,0,0
P000066,Republican,"Parker, Mike",Mississippi,House:1989-1999,2,1
P000066,Republican,"Parker, Mike",Mississippi,House:1989-1999,2,1
P000099,Democratic,"Pastor, Ed",Arizona,House:1991-2015,2,2
P000148,Republican,"Paxon, Bill",NewYork,House:1989-1999,1,1
P000152,Democratic,"Payne, Lewis F., Jr.",Virginia,House:1987-1997,0,0
P000149,Democratic,"Payne, Donald M.",NewJersey,House:1989-2012,0,0
P000197,Democratic,"Pelosi, Nancy",California,House:1987-Present,1,8
P000258,Democratic,"Peterson, Collin C.",Minnesota,House:1991-2021,8,1
P000259,Democratic,"Peterson, Douglas (Pete)",Florida,House:1991-1997,0,0
P000265,Republican,"Petri, Thomas E.",Wisconsin,House:1979-2015,0,0
P000326,Democratic,"Pickett, Owen B.",Virginia,House:1987-2001,14,0
P000419,Republican,"Pombo, Richard W.",California,House:1993-2007,1,2
P000422,Democratic,"Pomeroy, Earl",NorthDakota,House:1993-2011,1,4
P000444,Republican,"Porter, John Edward",Illinois,House:1979-2001,9,2
P000449,Republican,"Portman, Rob",Ohio,Senate:2011-2023 House:1993-2007,4,0
P000452,Democratic,"Poshard, Glenn",Illinois,House:1989-1999,5,5
P000555,Republican,"Pryce, Deborah",Ohio,House:1993-2009,0,0
Q000013,Republican,"Quillen, James H. (Jimmy)",Tennessee,House:1963-1997,0,0
Q000016,Republican,"Quinn, Jack",NewYork,House:1993-2005,1,2
R000004,Republican,"Radanovich, George",California,House:1995-2011,0,0
R000011,Democratic,"Rahall, Nick J., II",WestVirginia,House:1977-2015,0,0
R000033,Republican,"Ramstad, Jim",Minnesota,House:1991-2009,0,0
R000053,Democratic,"Rangel, Charles B.",NewYork,House:1971-2017,7,6
R000122,Democratic,"Reed, Jack",RhodeIsland,Senate:1997-Present House:1991-1997,8,4
R000141,Republican,"Regula, Ralph",Ohio,House:1973-2009,5,3
R000178,Democratic,"Reynolds, Mel",Illinois,House:1993-1997,0,0
R000229,Democratic,"Richardson, Bill",NewMexico,House:1983-1999,10,6
R000252,Republican,"Riggs, Frank",California,"House:1991-1993,1995-1999",11,2
R000281,Democratic,"Rivers, Lynn N.",Michigan,House:1995-2003,2,0
R000307,Republican,"Roberts, Pat",Kansas,Senate:1997-2021 House:1981-1997,9,2
R000385,Democratic,"Roemer, Tim",Indiana,House:1991-2003,0,0
R000395,Republican,"Rogers, Harold",Kentucky,House:1981-Present,2,1
R000409,Republican,"Rohrabacher, Dana",California,House:1989-2019,9,3
R000417,Democratic,"Romero-Barcelo, Carlos A.",PuertoRico,House:1993-2001,0,0
R000435,Republican,"Ros-Lehtinen, Ileana",Florida,House:1989-2019,1,2
R000436,Democratic,"Rose, Charlie",NorthCarolina,House:1973-1997,0,0
R000459,Republican,"Roth, Toby",Wisconsin,House:1979-1997,0,0
R000465,Republican,"Roukema, Marge",NewJersey,House:1981-2003,9,1
R000486,Democratic,"Roybal-Allard, Lucille",California,House:1993-2023,0,0
R000487,Republican,"Royce, Edward R.",California,House:1993-2019,0,0
R000515,Democratic,"Rush, Bobby L.",Illinois,House:1993-2023,0,0
R000566,Republican,"Ryun, Jim",Kansas,House:1997-2007,0,0
S000005,Democratic,"Sabo, Martin Olav",Minnesota,House:1979-2007,0,1
S000018,Republican,"Salmon, Matt",Arizona,"House:1995-2001,2013-2017",1,1
S000033,Independent,"Sanders, Bernard",Vermont,Senate:2007-Present House:1991-2007,9,2
S000051,Republican,"Sanford, Mark",SouthCarolina,"House:1995-2001,2013-2019",0,0
S000094,Democratic,"Sawyer, Tom",Ohio,House:1987-2003,0,0
S000097,Republican,"Saxton, Jim",NewJersey,House:1985-2009,0,0
S000106,Republican,"Scarborough, Joe",Florida,House:1995-2001,7,1
S000109,Republican,"Schaefer, Dan",Colorado,House:1983-1999,6,2
S000125,Republican,"Schiff, Steven",NewMexico,House:1989-1999,5,7
S000142,Democratic,"Schroeder, Patricia",Colorado,House:1973-1997,0,0
S000148,Democratic,"Schumer, Charles E.",NewYork,Senate:1999-Present House:1981-1999,29,6
S000185,Democratic,"Scott, Robert C. &quot;Bobby&quot;",Virginia,House:1993-Present,0,0
S000213,Republican,"Seastrand, Andrea H.",California,House:1995-1997,0,0
S000244,Republican,"Sensenbrenner, F. James, Jr.",Wisconsin,House:1979-2021,0,0
S000248,Democratic,"Serrano, Jose E.",NewYork,House:1989-2021,0,0
S000275,Republican,"Shadegg, John B.",Arizona,House:1995-2011,0,0
S000303,Republican,"Shaw, E. Clay, Jr.",Florida,House:1981-2007,0,0
S001144,Republican,"Shays, Christopher",Connecticut,House:1987-2009,0,0
S000394,Republican,"Shuster, Bud",Pennsylvania,House:1973-2001,4,1
S000453,Democratic,"Sisisky, Norman",Virginia,House:1983-2001,0,0
S000462,Democratic,"Skaggs, David E.",Colorado,House:1987-1999,5,3
S000463,Republican,"Skeen, Joe",NewMexico,House:1981-2003,4,7
S000465,Democratic,"Skelton, Ike",Missouri,House:1977-2011,0,0
S000480,Democratic,"Slaughter, Louise McIntosh",NewYork,House:1987-2018,0,0
S000522,Republican,"Smith, Christopher H.",NewJersey,House:1981-Present,11,7
S000583,Republican,"Smith, Lamar",Texas,House:1987-2019,3,2
S000587,Republican,"Smith, Linda",Washington,House:1995-1999,5,1
S000597,Republican,"Smith, Nick",Michigan,House:1993-2005,6,2
S000675,Republican,"Solomon, Gerald B. H.",NewYork,House:1979-1999,0,0
S001143,Republican,"Souder, Mark E.",Indiana,House:1995-2010,0,0
S000718,Republican,"Spence, Floyd",SouthCarolina,House:1971-2001,9,0
S000749,Democratic,"Spratt, John M., Jr.",SouthCarolina,House:1983-2011,0,0
S000810,Democratic,"Stark, Fortney Pete",California,House:1973-2013,0,0
S000822,Republican,"Stearns, Cliff",Florida,House:1989-2013,9,4
S000851,Democratic,"Stenholm, Charles W.",Texas,House:1979-2005,0,2
S000937,Republican,"Stockman, Steve",Texas,"House:1995-1997,2013-2015",15,0
S000948,Democratic,"Stokes, Louis",Ohio,House:1969-1999,0,0
S001040,Democratic,"Studds, Gerry E.",Massachusetts,House:1973-1997,0,0
S001044,Republican,"Stump, Bob",Arizona,House:1977-2003,6,2
S001045,Democratic,"Stupak, Bart",Michigan,House:1993-2011,16,8
T000024,Republican,"Talent, Jim",Missouri,Senate:2002-2007 House:1993-2001,0,0
T000038,Democratic,"Tanner, John S.",Tennessee,House:1989-2011,0,0
T000048,Republican,"Tate, Randy",Washington,House:1995-1997,0,0
T000058,Republican,"Tauzin, W. J. (Billy)",Louisiana,House:1979-2005,0,0
T000058,Republican,"Tauzin, W. J. (Billy)",Louisiana,House:1979-2005,0,0
T000067,Republican,"Taylor, Charles H.",NorthCarolina,House:1991-2007,5,0
T000074,Democratic,"Taylor, Gene",Mississippi,House:1989-2011,2,7
T000113,Democratic,"Tejeda, Frank",Texas,House:1993-1999,3,1
T000188,Republican,"Thomas, William M.",California,House:1979-2007,27,3
T000193,Democratic,"Thompson, Bennie G.",Mississippi,House:1993-Present,0,0
T000238,Republican,"Thornberry, Mac",Texas,House:1995-2021,0,0
T000243,Democratic,"Thornton, Ray",Arkansas,"House:1973-1979,1991-1997",0,0
T000253,Democratic,"Thurman, Karen L.",Florida,House:1993-2003,2,3
T000260,Republican,"Tiahrt, Todd",Kansas,House:1995-2011,1,0
T000314,Republican,"Torkildsen, Peter G.",Massachusetts,House:1993-1997,0,0
T000316,Democratic,"Torres, Estaban Edward",California,House:1983-1999,0,0
T000317,Democratic,"Torricelli, Robert G.",NewJersey,Senate:1997-2003 House:1983-1997,9,4
T000326,Democratic,"Towns, Edolphus",NewYork,House:1983-2013,13,1
T000350,Democratic,"Traficant, James A., Jr.",Ohio,House:1985-2002,0,0
T000405,Democratic,"Tucker, Walter R., III",California,House:1993-1997,0,0
U000014,Democratic,"Underwood, Robert A.",Guam,House:1993-2003,7,3
U000031,Republican,"Upton, Fred",Michigan,House:1987-2023,6,0
V000081,Democratic,"Velazquez, Nydia M.",NewYork,House:1993-Present,0,0
V000087,Democratic,"Vento, Bruce F.",Minnesota,House:1977-2001,5,1
V000108,Democratic,"Visclosky, Peter J.",Indiana,House:1985-2021,3,1
V000112,Democratic,"Volkmer, Harold L.",Missouri,House:1977-1997,0,0
V000124,Republican,"Vucanovich, Barbara F.",Nevada,House:1983-1997,0,0
W000790,Democratic,"Warnock, Raphael G.",Georgia,Senate:2021-Present,20,0
W000068,Republican,"Walker, Robert S.",Pennsylvania,House:1977-1997,0,0
W000099,Republican,"Walsh, James T.",NewYork,House:1989-2009,4,0
W000119,Republican,"Wamp, Zach",Tennessee,House:1995-2011,1,2
W000139,Democratic,"Ward, Mike",Kentucky,House:1995-1997,0,0
W000187,Democratic,"Waters, Maxine",California,House:1991-Present,18,0
W000207,Democratic,"Watt, Melvin L.",NorthCarolina,House:1993-2014,0,0
W000210,Republican,"Watts, J. C., Jr.",Oklahoma,House:1995-2003,0,0
W000215,Democratic,"Waxman, Henry A.",California,House:1975-2015,2,2
W000267,Republican,"Weldon, Dave",Florida,House:1995-2009,0,0
W000268,Republican,"Weldon, Curt",Pennsylvania,House:1987-2007,0,0
W000273,Republican,"Weller, Jerry",Illinois,House:1995-2009,0,0
W000391,Republican,"White, Rick",Washington,House:1995-1999,4,2
W000413,Republican,"Whitfield, Ed",Kentucky,House:1995-2016,0,0
W000437,Republican,"Wicker, Roger F.",Mississippi,Senate:2007-Present House:1995-2007,0,0
W000520,Democratic,"Williams, Pat",Montana,House:1979-1997,0,0
W000570,Democratic,"Wilson, Charles",Texas,House:1973-1997,8,2
W000654,Democratic,"Wise, Robert E., Jr.",WestVirginia,House:1983-2001,0,0
W000672,Republican,"Wolf, Frank R.",Virginia,House:1981-2015,6,13
W000738,Democratic,"Woolsey, Lynn C.",California,House:1993-2013,0,0
W000779,Democratic,"Wyden, Ron",Oregon,Senate:1996-Present House:1981-1996,15,10
W000784,Democratic,"Wynn, Albert Russell",Maryland,House:1993-2008,5,16
Y000013,Democratic,"Yates, Sidney R.",Illinois,"House:1949-1963,1965-1999",7,9
Y000031,Republican,"Young, C. W. Bill",Florida,House:1971-2013,0,0
Y000033,Republican,"Young, Don",Alaska,House:1973-2022,31,2
Z000004,Republican,"Zeliff, William H., Jr.",NewHampshire,House:1991-1997,0,0
Z000008,Republican,"Zimmer, Dick",NewJersey,House:1991-1997,0,0
